{
  "pearson_correlation": 0.999462,
  "p_value": 4.151160632282732e-43,
  "samples_count": 30,
  "status": "passed"
}